-- Database backup: nusantara_construction
-- Generated: 2025-09-12T23:24:21.855Z
-- Type: Data only

-- Data for table: approval_instances
TRUNCATE TABLE "approval_instances" CASCADE;
INSERT INTO "approval_instances" ("id", "workflow_id", "entity_id", "entity_type", "entity_data", "current_step", "overall_status", "total_amount", "submitted_by", "submitted_at", "completed_at", "comments", "created_at", "updated_at") VALUES ('55fd8f6f-4481-4fbf-9fa1-537d886d7e09', '4ae52c03-29fa-4053-bab6-8720966613a7', '5ae87dae-25c0-4f37-b2b9-e0cf86cf039c', 'rab', [object Object], 1, 'approved', '225000000.00', 'USR-DIR-CUE14-002', '2025-09-09T12:43:24.938Z', '2025-09-09T12:54:21.617Z', NULL, '2025-09-09T12:43:24.939Z', '2025-09-09T12:54:21.618Z');
INSERT INTO "approval_instances" ("id", "workflow_id", "entity_id", "entity_type", "entity_data", "current_step", "overall_status", "total_amount", "submitted_by", "submitted_at", "completed_at", "comments", "created_at", "updated_at") VALUES ('f5e0ca4e-a91d-41e9-905e-5a9d279fa52b', '4ae52c03-29fa-4053-bab6-8720966613a7', '427781a3-e8b8-40e3-860b-227387381fab', 'rab', [object Object], 1, 'pending', '5000000000.00', 'USR-DIR-CUE14-002', '2025-09-09T12:55:14.804Z', NULL, NULL, '2025-09-09T12:55:14.804Z', '2025-09-09T12:55:14.804Z');
INSERT INTO "approval_instances" ("id", "workflow_id", "entity_id", "entity_type", "entity_data", "current_step", "overall_status", "total_amount", "submitted_by", "submitted_at", "completed_at", "comments", "created_at", "updated_at") VALUES ('85cddcd0-b249-411a-96f9-5eb4870022e3', '4ae52c03-29fa-4053-bab6-8720966613a7', 'c17b433a-136f-4617-9029-838d07c1783b', 'rab', [object Object], 1, 'pending', '15000000000.00', 'USR-DIR-CUE14-002', '2025-09-09T12:56:19.704Z', NULL, NULL, '2025-09-09T12:56:19.704Z', '2025-09-09T12:56:19.704Z');
INSERT INTO "approval_instances" ("id", "workflow_id", "entity_id", "entity_type", "entity_data", "current_step", "overall_status", "total_amount", "submitted_by", "submitted_at", "completed_at", "comments", "created_at", "updated_at") VALUES ('84065f66-ab3d-4d3d-934c-9fda0fa12412', '4ae52c03-29fa-4053-bab6-8720966613a7', '42e6e9d7-d15c-4687-aba8-5010b3f11028', 'rab', [object Object], 1, 'approved', '125000000.00', 'USR-DIR-CUE14-002', '2025-09-09T12:56:59.155Z', '2025-09-09T12:58:08.959Z', NULL, '2025-09-09T12:56:59.155Z', '2025-09-09T12:58:08.960Z');
INSERT INTO "approval_instances" ("id", "workflow_id", "entity_id", "entity_type", "entity_data", "current_step", "overall_status", "total_amount", "submitted_by", "submitted_at", "completed_at", "comments", "created_at", "updated_at") VALUES ('4372ac0b-aec6-43ba-b497-fbb2814809ff', '4ae52c03-29fa-4053-bab6-8720966613a7', '5aa8f8a4-c979-4317-b31f-048a3ae60692', 'rab', [object Object], 1, 'pending', '7500000.00', 'USR-DIR-CUE14-002', '2025-09-09T14:11:06.891Z', NULL, NULL, '2025-09-09T14:11:06.891Z', '2025-09-09T14:11:06.891Z');

-- Data for table: approval_notifications
TRUNCATE TABLE "approval_notifications" CASCADE;
INSERT INTO "approval_notifications" ("id", "instance_id", "step_id", "recipient_user_id", "notification_type", "subject", "message", "status", "sent_at", "read_at", "created_at", "updated_at", "userId") VALUES ('f4fc956a-7faa-43db-b6e1-c4919cd529b3', '55fd8f6f-4481-4fbf-9fa1-537d886d7e09', NULL, 'USR-DIR-CUE14-002', 'completed', '🎉 Phase 3 Implementation Success', 'Advanced Analytics Dashboard dan Notification System telah berhasil diimplementasikan!', 'pending', NULL, NULL, '2025-09-09T13:38:28.946Z', '2025-09-09T13:38:28.946Z', NULL);

-- Data for table: approval_steps
TRUNCATE TABLE "approval_steps" CASCADE;
INSERT INTO "approval_steps" ("id", "instance_id", "step_number", "step_name", "approver_role", "approver_user_id", "required_role", "status", "decision", "comments", "conditions", "approved_at", "due_date", "escalated_at", "created_at", "updated_at") VALUES ('d8c574dd-4ce0-4c50-b85e-e6f9f8c6c079', '55fd8f6f-4481-4fbf-9fa1-537d886d7e09', 1, 'Project Manager Review', NULL, NULL, 'project_manager', 'approved', 'approve', 'Approved by Project Manager - cement specifications meet requirements', NULL, '2025-09-09T12:54:21.606Z', '2025-09-16T12:43:24.947Z', NULL, '2025-09-09T12:43:24.947Z', '2025-09-09T12:54:21.611Z');
INSERT INTO "approval_steps" ("id", "instance_id", "step_number", "step_name", "approver_role", "approver_user_id", "required_role", "status", "decision", "comments", "conditions", "approved_at", "due_date", "escalated_at", "created_at", "updated_at") VALUES ('b4d11061-781d-4358-a6c1-7944c48fc49e', '85cddcd0-b249-411a-96f9-5eb4870022e3', 3, 'Board of Directors Approval', NULL, NULL, 'board', 'pending', NULL, NULL, NULL, NULL, '2025-09-16T12:56:19.707Z', NULL, '2025-09-09T12:56:19.707Z', '2025-09-09T12:56:19.707Z');
INSERT INTO "approval_steps" ("id", "instance_id", "step_number", "step_name", "approver_role", "approver_user_id", "required_role", "status", "decision", "comments", "conditions", "approved_at", "due_date", "escalated_at", "created_at", "updated_at") VALUES ('b9296933-23a1-4d19-b845-db39d625a850', '84065f66-ab3d-4d3d-934c-9fda0fa12412', 1, 'Project Manager Review', NULL, NULL, 'project_manager', 'approved', 'approve', 'Project Manager approval: Material specifications verified and quantities confirmed', NULL, '2025-09-09T12:57:19.689Z', '2025-09-16T12:56:59.158Z', NULL, '2025-09-09T12:56:59.159Z', '2025-09-09T12:57:19.690Z');
INSERT INTO "approval_steps" ("id", "instance_id", "step_number", "step_name", "approver_role", "approver_user_id", "required_role", "status", "decision", "comments", "conditions", "approved_at", "due_date", "escalated_at", "created_at", "updated_at") VALUES ('df197f3f-8350-4f8d-99db-9e1c522423f0', '84065f66-ab3d-4d3d-934c-9fda0fa12412', 2, 'Operations Director Approval', NULL, NULL, 'director', 'approved', 'approve', 'Project Manager approval: Material specifications verified and quantities confirmed', NULL, '2025-09-09T12:58:08.950Z', '2025-09-16T12:56:59.161Z', NULL, '2025-09-09T12:56:59.161Z', '2025-09-09T12:58:08.955Z');
INSERT INTO "approval_steps" ("id", "instance_id", "step_number", "step_name", "approver_role", "approver_user_id", "required_role", "status", "decision", "comments", "conditions", "approved_at", "due_date", "escalated_at", "created_at", "updated_at") VALUES ('547ccd62-239a-4676-994d-36a9ea1c3424', 'f5e0ca4e-a91d-41e9-905e-5a9d279fa52b', 1, 'Project Manager Review', NULL, NULL, 'admin', 'pending', NULL, NULL, NULL, NULL, '2025-09-16T12:55:14.808Z', NULL, '2025-09-09T12:55:14.808Z', '2025-09-09T16:05:11.707Z');
INSERT INTO "approval_steps" ("id", "instance_id", "step_number", "step_name", "approver_role", "approver_user_id", "required_role", "status", "decision", "comments", "conditions", "approved_at", "due_date", "escalated_at", "created_at", "updated_at") VALUES ('c97ceadc-6f5b-488d-a706-f9b9a5cb52c0', '4372ac0b-aec6-43ba-b497-fbb2814809ff', 1, 'Project Manager Review', NULL, NULL, 'admin', 'pending', NULL, NULL, NULL, NULL, '2025-09-16T14:11:06.895Z', NULL, '2025-09-09T14:11:06.896Z', '2025-09-09T16:05:11.707Z');

-- Data for table: approval_workflows
TRUNCATE TABLE "approval_workflows" CASCADE;
INSERT INTO "approval_workflows" ("id", "name", "description", "entity_type", "workflow_steps", "approval_limits", "is_active", "created_by", "created_at", "updated_at") VALUES ('4ae52c03-29fa-4053-bab6-8720966613a7', 'RAB Standard Approval', 'Standard multi-level approval workflow for RAB', 'rab', [object Object],[object Object],[object Object], [object Object], true, 'system', '2025-09-09T12:06:45.867Z', '2025-09-09T12:55:53.121Z');

-- Data for table: board_directors
TRUNCATE TABLE "board_directors" CASCADE;
INSERT INTO "board_directors" ("id", "subsidiary_id", "name", "position", "email", "phone", "appointment_date", "term_end_date", "is_active", "education", "experience", "shareholding_percentage", "created_at", "updated_at") VALUES ('DIR-NU001-01', 'NU001', 'Dr. Bambang Sutrisno, M.M.', 'Comanditer', 'bambang.cue14@nusantaragroup.co.id', '+62-21-555-1500', '2023-11-01T00:00:00.000Z', NULL, true, [object Object], [object Object], '35.00', '2025-09-09T08:25:10.103Z', '2025-09-09T08:25:10.103Z');
INSERT INTO "board_directors" ("id", "subsidiary_id", "name", "position", "email", "phone", "appointment_date", "term_end_date", "is_active", "education", "experience", "shareholding_percentage", "created_at", "updated_at") VALUES ('DIR-NU001-02', 'NU001', 'Ir. Siti Rahayu, M.T.', 'Pengurus Aktif', 'siti.cue14@nusantaragroup.co.id', '+62-21-555-1501', '2021-03-01T00:00:00.000Z', NULL, true, [object Object], [object Object], '25.00', '2025-09-09T08:25:10.106Z', '2025-09-09T08:25:10.106Z');
INSERT INTO "board_directors" ("id", "subsidiary_id", "name", "position", "email", "phone", "appointment_date", "term_end_date", "is_active", "education", "experience", "shareholding_percentage", "created_at", "updated_at") VALUES ('DIR-NU001-03', 'NU001', 'Drs. Ahmad Fauzi', 'Pengurus', 'ahmad.cue14@nusantaragroup.co.id', '+62-21-555-1502', '2020-09-01T00:00:00.000Z', NULL, true, [object Object], [object Object], '15.00', '2025-09-09T08:25:10.108Z', '2025-09-09T08:25:10.108Z');
INSERT INTO "board_directors" ("id", "subsidiary_id", "name", "position", "email", "phone", "appointment_date", "term_end_date", "is_active", "education", "experience", "shareholding_percentage", "created_at", "updated_at") VALUES ('DIR-NU002-01', 'NU002', 'Ir. Maya Sari, M.Sc.', 'Comanditer', 'maya.bsr@nusantaragroup.co.id', '+62-21-555-1503', '2023-05-01T00:00:00.000Z', NULL, true, [object Object], [object Object], '35.00', '2025-09-09T08:25:10.111Z', '2025-09-09T08:25:10.111Z');
INSERT INTO "board_directors" ("id", "subsidiary_id", "name", "position", "email", "phone", "appointment_date", "term_end_date", "is_active", "education", "experience", "shareholding_percentage", "created_at", "updated_at") VALUES ('DIR-NU002-02', 'NU002', 'Dr. Hendra Wijaya, S.E.', 'Pengurus Aktif', 'hendra.bsr@nusantaragroup.co.id', '+62-21-555-1504', '2023-07-01T00:00:00.000Z', NULL, true, [object Object], [object Object], '25.00', '2025-09-09T08:25:10.112Z', '2025-09-09T08:25:10.112Z');
INSERT INTO "board_directors" ("id", "subsidiary_id", "name", "position", "email", "phone", "appointment_date", "term_end_date", "is_active", "education", "experience", "shareholding_percentage", "created_at", "updated_at") VALUES ('DIR-NU002-03', 'NU002', 'Ir. Rina Permata, M.T.', 'Pengurus', 'rina.bsr@nusantaragroup.co.id', '+62-21-555-1505', '2022-02-01T00:00:00.000Z', NULL, true, [object Object], [object Object], '15.00', '2025-09-09T08:25:10.114Z', '2025-09-09T08:25:10.114Z');
INSERT INTO "board_directors" ("id", "subsidiary_id", "name", "position", "email", "phone", "appointment_date", "term_end_date", "is_active", "education", "experience", "shareholding_percentage", "created_at", "updated_at") VALUES ('DIR-NU003-01', 'NU003', 'Drs. Agus Setiawan, M.M.', 'Comanditer', 'agus.lts@nusantaragroup.co.id', '+62-21-555-1506', '2021-01-01T00:00:00.000Z', NULL, true, [object Object], [object Object], '35.00', '2025-09-09T08:25:10.116Z', '2025-09-09T08:25:10.116Z');
INSERT INTO "board_directors" ("id", "subsidiary_id", "name", "position", "email", "phone", "appointment_date", "term_end_date", "is_active", "education", "experience", "shareholding_percentage", "created_at", "updated_at") VALUES ('DIR-NU003-02', 'NU003', 'Dr. Dewi Kusuma, S.T.', 'Pengurus Aktif', 'dewi.lts@nusantaragroup.co.id', '+62-21-555-1507', '2023-10-01T00:00:00.000Z', NULL, true, [object Object], [object Object], '25.00', '2025-09-09T08:25:10.117Z', '2025-09-09T08:25:10.117Z');
INSERT INTO "board_directors" ("id", "subsidiary_id", "name", "position", "email", "phone", "appointment_date", "term_end_date", "is_active", "education", "experience", "shareholding_percentage", "created_at", "updated_at") VALUES ('DIR-NU003-03', 'NU003', 'Ir. Budi Santoso', 'Pengurus', 'budi.lts@nusantaragroup.co.id', '+62-21-555-1508', '2022-02-01T00:00:00.000Z', NULL, true, [object Object], [object Object], '15.00', '2025-09-09T08:25:10.119Z', '2025-09-09T08:25:10.119Z');
INSERT INTO "board_directors" ("id", "subsidiary_id", "name", "position", "email", "phone", "appointment_date", "term_end_date", "is_active", "education", "experience", "shareholding_percentage", "created_at", "updated_at") VALUES ('DIR-NU004-01', 'NU004', 'Dr. Lestari Indah, M.Eng.', 'Comanditer', 'lestari.gbn@nusantaragroup.co.id', '+62-21-555-1509', '2020-09-01T00:00:00.000Z', NULL, true, [object Object], [object Object], '35.00', '2025-09-09T08:25:10.120Z', '2025-09-09T08:25:10.120Z');
INSERT INTO "board_directors" ("id", "subsidiary_id", "name", "position", "email", "phone", "appointment_date", "term_end_date", "is_active", "education", "experience", "shareholding_percentage", "created_at", "updated_at") VALUES ('DIR-NU004-02', 'NU004', 'Ir. Joko Widodo, M.T.', 'Pengurus Aktif', 'joko.gbn@nusantaragroup.co.id', '+62-21-555-1510', '2022-04-01T00:00:00.000Z', NULL, true, [object Object], [object Object], '25.00', '2025-09-09T08:25:10.122Z', '2025-09-09T08:25:10.122Z');
INSERT INTO "board_directors" ("id", "subsidiary_id", "name", "position", "email", "phone", "appointment_date", "term_end_date", "is_active", "education", "experience", "shareholding_percentage", "created_at", "updated_at") VALUES ('DIR-NU004-03', 'NU004', 'Drs. Sri Mulyani', 'Pengurus', 'sri.gbn@nusantaragroup.co.id', '+62-21-555-1511', '2023-12-01T00:00:00.000Z', NULL, true, [object Object], [object Object], '15.00', '2025-09-09T08:25:10.123Z', '2025-09-09T08:25:10.123Z');
INSERT INTO "board_directors" ("id", "subsidiary_id", "name", "position", "email", "phone", "appointment_date", "term_end_date", "is_active", "education", "experience", "shareholding_percentage", "created_at", "updated_at") VALUES ('DIR-NU005-01', 'NU005', 'Dr. Andi Pratama, S.T.', 'Comanditer', 'andi.ssr@nusantaragroup.co.id', '+62-21-555-1512', '2023-12-01T00:00:00.000Z', NULL, true, [object Object], [object Object], '35.00', '2025-09-09T08:25:10.124Z', '2025-09-09T08:25:10.124Z');
INSERT INTO "board_directors" ("id", "subsidiary_id", "name", "position", "email", "phone", "appointment_date", "term_end_date", "is_active", "education", "experience", "shareholding_percentage", "created_at", "updated_at") VALUES ('DIR-NU005-02', 'NU005', 'Ir. Mega Sari, M.Sc.', 'Pengurus Aktif', 'mega.ssr@nusantaragroup.co.id', '+62-21-555-1513', '2023-02-01T00:00:00.000Z', NULL, true, [object Object], [object Object], '25.00', '2025-09-09T08:25:10.125Z', '2025-09-09T08:25:10.125Z');
INSERT INTO "board_directors" ("id", "subsidiary_id", "name", "position", "email", "phone", "appointment_date", "term_end_date", "is_active", "education", "experience", "shareholding_percentage", "created_at", "updated_at") VALUES ('DIR-NU005-03', 'NU005', 'Drs. Rudi Hartono', 'Pengurus', 'rudi.ssr@nusantaragroup.co.id', '+62-21-555-1514', '2020-08-01T00:00:00.000Z', NULL, true, [object Object], [object Object], '15.00', '2025-09-09T08:25:10.127Z', '2025-09-09T08:25:10.127Z');
INSERT INTO "board_directors" ("id", "subsidiary_id", "name", "position", "email", "phone", "appointment_date", "term_end_date", "is_active", "education", "experience", "shareholding_percentage", "created_at", "updated_at") VALUES ('DIR-NU006-01', 'NU006', 'Dr. Wulan Dari, M.T.', 'Komisaris Utama', 'wulan.pjk@nusantaragroup.co.id', '+62-21-555-1515', '2021-07-01T00:00:00.000Z', NULL, true, [object Object], [object Object], '35.00', '2025-09-09T08:25:10.130Z', '2025-09-09T08:25:10.130Z');
INSERT INTO "board_directors" ("id", "subsidiary_id", "name", "position", "email", "phone", "appointment_date", "term_end_date", "is_active", "education", "experience", "shareholding_percentage", "created_at", "updated_at") VALUES ('DIR-NU006-02', 'NU006', 'Ir. Surya Dharma', 'Direktur Utama', 'surya.pjk@nusantaragroup.co.id', '+62-21-555-1516', '2023-09-01T00:00:00.000Z', NULL, true, [object Object], [object Object], '25.00', '2025-09-09T08:25:10.133Z', '2025-09-09T08:25:10.133Z');
INSERT INTO "board_directors" ("id", "subsidiary_id", "name", "position", "email", "phone", "appointment_date", "term_end_date", "is_active", "education", "experience", "shareholding_percentage", "created_at", "updated_at") VALUES ('DIR-NU006-03', 'NU006', 'Drs. Indira Sari, M.M.', 'Direktur', 'indira.pjk@nusantaragroup.co.id', '+62-21-555-1517', '2022-01-01T00:00:00.000Z', NULL, true, [object Object], [object Object], '15.00', '2025-09-09T08:25:10.134Z', '2025-09-09T08:25:10.134Z');

-- Data for table: chart_of_accounts

-- Data for table: finance_transactions

-- Data for table: inventory_items

-- Data for table: journal_entries

-- Data for table: journal_entry_lines

-- Data for table: manpower
TRUNCATE TABLE "manpower" CASCADE;
INSERT INTO "manpower" ("id", "employee_id", "name", "position", "department", "email", "phone", "join_date", "birth_date", "address", "status", "employment_type", "salary", "current_project", "skills", "metadata", "created_at", "updated_at", "subsidiary_id") VALUES ('DIR-CUE14-001', 'CUE14-DIR-001', 'Ir. Budi Santoso, M.T.', 'Direktur Utama', 'Direksi', 'budi.santoso@cahayautama14.co.id', '+62-267-8451401', '2008-01-15T00:00:00.000Z', '1975-03-20T00:00:00.000Z', 'Jl. Merdeka No. 45, Karawang', 'active', 'permanent', '50000000.00', NULL, Leadership,Project Management,Commercial Construction,Strategic Planning, [object Object], '2025-09-09T09:09:43.942Z', '2025-09-09T09:09:43.942Z', 'NU001');
INSERT INTO "manpower" ("id", "employee_id", "name", "position", "department", "email", "phone", "join_date", "birth_date", "address", "status", "employment_type", "salary", "current_project", "skills", "metadata", "created_at", "updated_at", "subsidiary_id") VALUES ('DIR-CUE14-002', 'CUE14-DIR-002', 'Sari Wulandari, S.E., M.M.', 'Direktur Operasional', 'Direksi', 'sari.wulandari@cahayautama14.co.id', '+62-267-8451402', '2010-03-01T00:00:00.000Z', '1980-07-15T00:00:00.000Z', 'Jl. Operasional No. 12, Karawang', 'active', 'permanent', '45000000.00', NULL, Operations Management,Team Leadership,Business Development,Quality Control, [object Object], '2025-09-09T09:09:43.952Z', '2025-09-09T09:09:43.952Z', 'NU001');
INSERT INTO "manpower" ("id", "employee_id", "name", "position", "department", "email", "phone", "join_date", "birth_date", "address", "status", "employment_type", "salary", "current_project", "skills", "metadata", "created_at", "updated_at", "subsidiary_id") VALUES ('DIR-CUE14-003', 'CUE14-DIR-003', 'Drs. Ahmad Faisal, M.M.', 'Direktur Keuangan', 'Direksi', 'ahmad.faisal@cahayautama14.co.id', '+62-267-8451403', '2009-06-15T00:00:00.000Z', '1978-11-10T00:00:00.000Z', 'Jl. Keuangan No. 8, Karawang', 'active', 'permanent', '45000000.00', NULL, Financial Management,Corporate Finance,Risk Management,Budget Planning, [object Object], '2025-09-09T09:09:43.955Z', '2025-09-09T09:09:43.955Z', 'NU001');
INSERT INTO "manpower" ("id", "employee_id", "name", "position", "department", "email", "phone", "join_date", "birth_date", "address", "status", "employment_type", "salary", "current_project", "skills", "metadata", "created_at", "updated_at", "subsidiary_id") VALUES ('DIR-BSR-001', 'BSR-DIR-001', 'Ir. Ahmad Surya, M.T.', 'Direktur Utama', 'Direksi', 'ahmad.surya@bintangsuraya.co.id', '+62-267-8452001', '2005-02-01T00:00:00.000Z', '1970-05-25T00:00:00.000Z', 'Jl. Bintang No. 25, Karawang', 'active', 'permanent', '48000000.00', NULL, Real Estate Development,Residential Construction,Strategic Planning,Market Analysis, [object Object], '2025-09-09T09:09:43.958Z', '2025-09-09T09:09:43.958Z', 'NU002');
INSERT INTO "manpower" ("id", "employee_id", "name", "position", "department", "email", "phone", "join_date", "birth_date", "address", "status", "employment_type", "salary", "current_project", "skills", "metadata", "created_at", "updated_at", "subsidiary_id") VALUES ('DIR-BSR-002', 'BSR-DIR-002', 'Maya Sari, S.E., Ak., M.M.', 'Direktur Keuangan', 'Direksi', 'maya.sari@bintangsuraya.co.id', '+62-267-8452002', '2007-04-15T00:00:00.000Z', '1975-09-12T00:00:00.000Z', 'Jl. Keuangan Bintang No. 15, Karawang', 'active', 'permanent', '43000000.00', NULL, Financial Planning,Investment Analysis,Corporate Accounting,Tax Management, [object Object], '2025-09-09T09:09:43.961Z', '2025-09-09T09:09:43.961Z', 'NU002');
INSERT INTO "manpower" ("id", "employee_id", "name", "position", "department", "email", "phone", "join_date", "birth_date", "address", "status", "employment_type", "salary", "current_project", "skills", "metadata", "created_at", "updated_at", "subsidiary_id") VALUES ('DIR-BSR-003', 'BSR-DIR-003', 'Ir. Bambang Wijaya', 'Direktur Teknik', 'Direksi', 'bambang.wijaya@bintangsuraya.co.id', '+62-267-8452003', '2006-08-20T00:00:00.000Z', '1973-12-05T00:00:00.000Z', 'Jl. Teknik No. 20, Karawang', 'active', 'permanent', '43000000.00', NULL, Structural Engineering,Construction Management,Quality Assurance,Technical Planning, [object Object], '2025-09-09T09:09:43.963Z', '2025-09-09T09:09:43.963Z', 'NU002');
INSERT INTO "manpower" ("id", "employee_id", "name", "position", "department", "email", "phone", "join_date", "birth_date", "address", "status", "employment_type", "salary", "current_project", "skills", "metadata", "created_at", "updated_at", "subsidiary_id") VALUES ('DIR-LTN-001', 'LTN-DIR-001', 'Lisa Tanasya, S.Sn., M.Des.', 'Direktur Utama', 'Direksi', 'lisa.tanasya@latansa.co.id', '+62-267-8453001', '2012-01-10T00:00:00.000Z', '1982-04-18T00:00:00.000Z', 'Jl. Design No. 10, Karawang', 'active', 'permanent', '42000000.00', NULL, Interior Design,Renovation Planning,Creative Direction,Client Relations, [object Object], '2025-09-09T09:09:43.966Z', '2025-09-09T09:09:43.966Z', 'NU003');
INSERT INTO "manpower" ("id", "employee_id", "name", "position", "department", "email", "phone", "join_date", "birth_date", "address", "status", "employment_type", "salary", "current_project", "skills", "metadata", "created_at", "updated_at", "subsidiary_id") VALUES ('DIR-LTN-002', 'LTN-DIR-002', 'Ir. Rudi Hartanto', 'Direktur Teknik', 'Direksi', 'rudi.hartanto@latansa.co.id', '+62-267-8453002', '2013-03-15T00:00:00.000Z', '1978-08-22T00:00:00.000Z', 'Jl. Teknik Renovasi No. 22, Karawang', 'active', 'permanent', '40000000.00', NULL, Renovation Engineering,Project Execution,Technical Analysis,Quality Control, [object Object], '2025-09-09T09:09:43.969Z', '2025-09-09T09:09:43.969Z', 'NU003');
INSERT INTO "manpower" ("id", "employee_id", "name", "position", "department", "email", "phone", "join_date", "birth_date", "address", "status", "employment_type", "salary", "current_project", "skills", "metadata", "created_at", "updated_at", "subsidiary_id") VALUES ('DIR-LTN-003', 'LTN-DIR-003', 'Sinta Dewi, S.E., M.M.', 'Direktur Operasional', 'Direksi', 'sinta.dewi@latansa.co.id', '+62-267-8453003', '2014-05-20T00:00:00.000Z', '1980-01-30T00:00:00.000Z', 'Jl. Operasional No. 30, Karawang', 'active', 'permanent', '38000000.00', NULL, Operations Management,Business Development,Customer Service,Process Improvement, [object Object], '2025-09-09T09:09:43.971Z', '2025-09-09T09:09:43.971Z', 'NU003');
INSERT INTO "manpower" ("id", "employee_id", "name", "position", "department", "email", "phone", "join_date", "birth_date", "address", "status", "employment_type", "salary", "current_project", "skills", "metadata", "created_at", "updated_at", "subsidiary_id") VALUES ('DIR-GBN-001', 'GBN-DIR-001', 'Ir. Bambang Nusantara, M.T.', 'Direktur Utama', 'Direksi', 'bambang.nusantara@grahabangunnusantara.co.id', '+62-267-8454001', '2006-01-15T00:00:00.000Z', '1968-06-10T00:00:00.000Z', 'Jl. Infrastruktur No. 10, Karawang', 'active', 'permanent', '55000000.00', NULL, Infrastructure Development,Strategic Planning,Government Relations,Large Scale Projects, [object Object], '2025-09-09T09:09:43.974Z', '2025-09-09T09:09:43.974Z', 'NU004');
INSERT INTO "manpower" ("id", "employee_id", "name", "position", "department", "email", "phone", "join_date", "birth_date", "address", "status", "employment_type", "salary", "current_project", "skills", "metadata", "created_at", "updated_at", "subsidiary_id") VALUES ('DIR-GBN-002', 'GBN-DIR-002', 'Ir. Dewi Sartika, M.T.', 'Direktur Operasional', 'Direksi', 'dewi.sartika@grahabangunnusantara.co.id', '+62-267-8454002', '2008-03-20T00:00:00.000Z', '1975-11-25T00:00:00.000Z', 'Jl. Operasional GBN No. 25, Karawang', 'active', 'permanent', '50000000.00', NULL, Project Management,Operations Excellence,Team Leadership,Quality Management, [object Object], '2025-09-09T09:09:43.976Z', '2025-09-09T09:09:43.976Z', 'NU004');
INSERT INTO "manpower" ("id", "employee_id", "name", "position", "department", "email", "phone", "join_date", "birth_date", "address", "status", "employment_type", "salary", "current_project", "skills", "metadata", "created_at", "updated_at", "subsidiary_id") VALUES ('DIR-GBN-003', 'GBN-DIR-003', 'Drs. Agus Prasetyo, M.M.', 'Direktur Keuangan', 'Direksi', 'agus.prasetyo@grahabangunnusantara.co.id', '+62-267-8454003', '2007-07-10T00:00:00.000Z', '1972-02-14T00:00:00.000Z', 'Jl. Keuangan GBN No. 14, Karawang', 'active', 'permanent', '50000000.00', NULL, Corporate Finance,Investment Planning,Financial Analysis,Risk Management, [object Object], '2025-09-09T09:09:43.979Z', '2025-09-09T09:09:43.979Z', 'NU004');
INSERT INTO "manpower" ("id", "employee_id", "name", "position", "department", "email", "phone", "join_date", "birth_date", "address", "status", "employment_type", "salary", "current_project", "skills", "metadata", "created_at", "updated_at", "subsidiary_id") VALUES ('DIR-SSR-001', 'SSR-DIR-001', 'Ir. Hendro Sinarto, M.T.', 'Direktur Utama', 'Direksi', 'hendro.sinarto@sahabatsinarraya.co.id', '+62-267-8455001', '2010-02-01T00:00:00.000Z', '1973-08-15T00:00:00.000Z', 'Jl. Industrial No. 15, Karawang', 'active', 'permanent', '52000000.00', NULL, Industrial Engineering,Manufacturing Facilities,Process Optimization,Strategic Planning, [object Object], '2025-09-09T09:09:43.981Z', '2025-09-09T09:09:43.981Z', 'NU005');
INSERT INTO "manpower" ("id", "employee_id", "name", "position", "department", "email", "phone", "join_date", "birth_date", "address", "status", "employment_type", "salary", "current_project", "skills", "metadata", "created_at", "updated_at", "subsidiary_id") VALUES ('DIR-SSR-002', 'SSR-DIR-002', 'Ir. Ratna Sari, M.T.', 'Direktur Teknik', 'Direksi', 'ratna.sari@sahabatsinarraya.co.id', '+62-267-8455002', '2011-04-15T00:00:00.000Z', '1978-12-20T00:00:00.000Z', 'Jl. Teknik SSR No. 20, Karawang', 'active', 'permanent', '47000000.00', NULL, Warehouse Design,Structural Engineering,Technical Planning,Quality Assurance, [object Object], '2025-09-09T09:09:43.983Z', '2025-09-09T09:09:43.983Z', 'NU005');
INSERT INTO "manpower" ("id", "employee_id", "name", "position", "department", "email", "phone", "join_date", "birth_date", "address", "status", "employment_type", "salary", "current_project", "skills", "metadata", "created_at", "updated_at", "subsidiary_id") VALUES ('DIR-SSR-003', 'SSR-DIR-003', 'Dra. Nina Kartika, M.M.', 'Direktur Operasional', 'Direksi', 'nina.kartika@sahabatsinarraya.co.id', '+62-267-8455003', '2012-06-20T00:00:00.000Z', '1976-05-08T00:00:00.000Z', 'Jl. Operasional SSR No. 8, Karawang', 'active', 'permanent', '45000000.00', NULL, Operations Management,Supply Chain,Business Development,Customer Relations, [object Object], '2025-09-09T09:09:43.987Z', '2025-09-09T09:09:43.987Z', 'NU005');
INSERT INTO "manpower" ("id", "employee_id", "name", "position", "department", "email", "phone", "join_date", "birth_date", "address", "status", "employment_type", "salary", "current_project", "skills", "metadata", "created_at", "updated_at", "subsidiary_id") VALUES ('DIR-PJK-001', 'PJK-DIR-001', 'Ir. Jaya Putra, M.T., Ph.D.', 'Direktur Utama', 'Direksi', 'jaya.putra@putrajayakonstruksi.co.id', '+62-267-8456001', '2000-01-01T00:00:00.000Z', '1965-03-15T00:00:00.000Z', 'Jl. Putra Jaya No. 1, Karawang', 'active', 'permanent', '75000000.00', NULL, Corporate Leadership,Strategic Planning,Large Scale Construction,Business Development, [object Object], '2025-09-09T09:09:43.989Z', '2025-09-09T09:09:43.989Z', 'NU006');
INSERT INTO "manpower" ("id", "employee_id", "name", "position", "department", "email", "phone", "join_date", "birth_date", "address", "status", "employment_type", "salary", "current_project", "skills", "metadata", "created_at", "updated_at", "subsidiary_id") VALUES ('DIR-PJK-002', 'PJK-DIR-002', 'Dra. Siti Nurjanah, M.M., CFA', 'Direktur Keuangan', 'Direksi', 'siti.nurjanah@putrajayakonstruksi.co.id', '+62-267-8456002', '2002-03-15T00:00:00.000Z', '1970-07-20T00:00:00.000Z', 'Jl. Keuangan PJK No. 20, Karawang', 'active', 'permanent', '65000000.00', NULL, Corporate Finance,Investment Analysis,Financial Planning,Risk Management, [object Object], '2025-09-09T09:09:43.991Z', '2025-09-09T09:09:43.991Z', 'NU006');
INSERT INTO "manpower" ("id", "employee_id", "name", "position", "department", "email", "phone", "join_date", "birth_date", "address", "status", "employment_type", "salary", "current_project", "skills", "metadata", "created_at", "updated_at", "subsidiary_id") VALUES ('DIR-PJK-003', 'PJK-DIR-003', 'Ir. Budi Setiawan, M.T.', 'Direktur Operasional', 'Direksi', 'budi.setiawan@putrajayakonstruksi.co.id', '+62-267-8456003', '2001-06-10T00:00:00.000Z', '1968-11-12T00:00:00.000Z', 'Jl. Operasional PJK No. 12, Karawang', 'active', 'permanent', '65000000.00', NULL, Project Management,Operations Excellence,Strategic Execution,Team Leadership, [object Object], '2025-09-09T09:09:43.993Z', '2025-09-09T09:09:43.993Z', 'NU006');
INSERT INTO "manpower" ("id", "employee_id", "name", "position", "department", "email", "phone", "join_date", "birth_date", "address", "status", "employment_type", "salary", "current_project", "skills", "metadata", "created_at", "updated_at", "subsidiary_id") VALUES ('PM-001', 'NUSANTARA-PM-001', 'Ir. Andi Prasetyo, M.T.', 'Senior Project Manager', 'Project Management', 'andi.prasetyo@nusantara.co.id', '+62-811-2345-001', '2015-01-15T00:00:00.000Z', '1980-02-20T00:00:00.000Z', 'Jl. Project Manager No. 1, Karawang', 'active', 'permanent', '35000000.00', NULL, Project Management,Construction Planning,Risk Management,Team Leadership, [object Object], '2025-09-09T09:09:43.996Z', '2025-09-09T09:09:43.996Z', 'NU006');
INSERT INTO "manpower" ("id", "employee_id", "name", "position", "department", "email", "phone", "join_date", "birth_date", "address", "status", "employment_type", "salary", "current_project", "skills", "metadata", "created_at", "updated_at", "subsidiary_id") VALUES ('PM-002', 'NUSANTARA-PM-002', 'Sari Indrawati, S.T., M.M.', 'Project Manager', 'Project Management', 'sari.indrawati@nusantara.co.id', '+62-811-2345-002', '2017-03-20T00:00:00.000Z', '1985-05-15T00:00:00.000Z', 'Jl. Project Manager No. 2, Karawang', 'active', 'permanent', '28000000.00', NULL, Project Coordination,Schedule Management,Quality Control,Client Relations, [object Object], '2025-09-09T09:09:43.998Z', '2025-09-09T09:09:43.998Z', 'NU001');
INSERT INTO "manpower" ("id", "employee_id", "name", "position", "department", "email", "phone", "join_date", "birth_date", "address", "status", "employment_type", "salary", "current_project", "skills", "metadata", "created_at", "updated_at", "subsidiary_id") VALUES ('PM-003', 'NUSANTARA-PM-003', 'Budi Hartono, S.T.', 'Project Manager', 'Project Management', 'budi.hartono@nusantara.co.id', '+62-811-2345-003', '2016-07-10T00:00:00.000Z', '1982-08-25T00:00:00.000Z', 'Jl. Project Manager No. 3, Karawang', 'active', 'permanent', '30000000.00', NULL, Infrastructure Projects,Construction Management,Stakeholder Management,Cost Control, [object Object], '2025-09-09T09:09:44.000Z', '2025-09-09T09:09:44.000Z', 'NU004');
INSERT INTO "manpower" ("id", "employee_id", "name", "position", "department", "email", "phone", "join_date", "birth_date", "address", "status", "employment_type", "salary", "current_project", "skills", "metadata", "created_at", "updated_at", "subsidiary_id") VALUES ('CE-001', 'NUSANTARA-CE-001', 'Ir. Rini Susanti, M.T.', 'Senior Civil Engineer', 'Engineering', 'rini.susanti@nusantara.co.id', '+62-811-2345-004', '2014-02-15T00:00:00.000Z', '1978-12-10T00:00:00.000Z', 'Jl. Engineer No. 1, Karawang', 'active', 'permanent', '32000000.00', NULL, Structural Design,Construction Analysis,Technical Drawing,Quality Assurance, [object Object], '2025-09-09T09:09:44.002Z', '2025-09-09T09:09:44.002Z', 'NU006');
INSERT INTO "manpower" ("id", "employee_id", "name", "position", "department", "email", "phone", "join_date", "birth_date", "address", "status", "employment_type", "salary", "current_project", "skills", "metadata", "created_at", "updated_at", "subsidiary_id") VALUES ('CE-002', 'NUSANTARA-CE-002', 'Agus Setiawan, S.T.', 'Civil Engineer', 'Engineering', 'agus.setiawan@nusantara.co.id', '+62-811-2345-005', '2018-04-20T00:00:00.000Z', '1988-03-18T00:00:00.000Z', 'Jl. Engineer No. 2, Karawang', 'active', 'permanent', '25000000.00', NULL, Residential Design,Foundation Engineering,Site Planning,Construction Documentation, [object Object], '2025-09-09T09:09:44.004Z', '2025-09-09T09:09:44.004Z', 'NU002');
INSERT INTO "manpower" ("id", "employee_id", "name", "position", "department", "email", "phone", "join_date", "birth_date", "address", "status", "employment_type", "salary", "current_project", "skills", "metadata", "created_at", "updated_at", "subsidiary_id") VALUES ('CE-003', 'NUSANTARA-CE-003', 'Maya Kartika, S.T., M.T.', 'Civil Engineer', 'Engineering', 'maya.kartika@nusantara.co.id', '+62-811-2345-006', '2019-01-10T00:00:00.000Z', '1990-06-22T00:00:00.000Z', 'Jl. Engineer No. 3, Karawang', 'active', 'permanent', '27000000.00', NULL, Highway Design,Bridge Engineering,Drainage Systems,Traffic Engineering, [object Object], '2025-09-09T09:09:44.006Z', '2025-09-09T09:09:44.006Z', 'NU004');
INSERT INTO "manpower" ("id", "employee_id", "name", "position", "department", "email", "phone", "join_date", "birth_date", "address", "status", "employment_type", "salary", "current_project", "skills", "metadata", "created_at", "updated_at", "subsidiary_id") VALUES ('AR-001', 'NUSANTARA-AR-001', 'Ir. Lisa Permata, M.Ars.', 'Senior Architect', 'Design', 'lisa.permata@nusantara.co.id', '+62-811-2345-007', '2013-05-15T00:00:00.000Z', '1976-09-14T00:00:00.000Z', 'Jl. Architect No. 1, Karawang', 'active', 'permanent', '34000000.00', NULL, Architectural Design,Commercial Buildings,Project Visualization,Building Codes, [object Object], '2025-09-09T09:09:44.008Z', '2025-09-09T09:09:44.008Z', 'NU001');
INSERT INTO "manpower" ("id", "employee_id", "name", "position", "department", "email", "phone", "join_date", "birth_date", "address", "status", "employment_type", "salary", "current_project", "skills", "metadata", "created_at", "updated_at", "subsidiary_id") VALUES ('AR-002', 'NUSANTARA-AR-002', 'Deni Kurniawan, S.Ars.', 'Architect', 'Design', 'deni.kurniawan@nusantara.co.id', '+62-811-2345-008', '2020-02-20T00:00:00.000Z', '1992-11-30T00:00:00.000Z', 'Jl. Architect No. 2, Karawang', 'active', 'permanent', '22000000.00', NULL, Residential Design,Site Planning,Interior Layout,Building Permit, [object Object], '2025-09-09T09:09:44.011Z', '2025-09-09T09:09:44.011Z', 'NU002');
INSERT INTO "manpower" ("id", "employee_id", "name", "position", "department", "email", "phone", "join_date", "birth_date", "address", "status", "employment_type", "salary", "current_project", "skills", "metadata", "created_at", "updated_at", "subsidiary_id") VALUES ('ID-001', 'NUSANTARA-ID-001', 'Ratna Dewi, S.Sn., M.Des.', 'Senior Interior Designer', 'Design', 'ratna.dewi@nusantara.co.id', '+62-811-2345-009', '2016-08-15T00:00:00.000Z', '1985-04-12T00:00:00.000Z', 'Jl. Interior No. 1, Karawang', 'active', 'permanent', '28000000.00', NULL, Interior Design,Space Planning,Color Theory,Furniture Selection, [object Object], '2025-09-09T09:09:44.013Z', '2025-09-09T09:09:44.013Z', 'NU003');
INSERT INTO "manpower" ("id", "employee_id", "name", "position", "department", "email", "phone", "join_date", "birth_date", "address", "status", "employment_type", "salary", "current_project", "skills", "metadata", "created_at", "updated_at", "subsidiary_id") VALUES ('ID-002', 'NUSANTARA-ID-002', 'Sari Utami, S.Sn.', 'Interior Designer', 'Design', 'sari.utami@nusantara.co.id', '+62-811-2345-010', '2019-03-10T00:00:00.000Z', '1991-01-25T00:00:00.000Z', 'Jl. Interior No. 2, Karawang', 'active', 'permanent', '20000000.00', NULL, Renovation Design,Material Selection,3D Visualization,Client Consultation, [object Object], '2025-09-09T09:09:44.015Z', '2025-09-09T09:09:44.015Z', 'NU003');
INSERT INTO "manpower" ("id", "employee_id", "name", "position", "department", "email", "phone", "join_date", "birth_date", "address", "status", "employment_type", "salary", "current_project", "skills", "metadata", "created_at", "updated_at", "subsidiary_id") VALUES ('QS-001', 'NUSANTARA-QS-001', 'Ir. Hendra Wijaya, M.T.', 'Senior Quantity Surveyor', 'Cost Engineering', 'hendra.wijaya@nusantara.co.id', '+62-811-2345-011', '2012-06-15T00:00:00.000Z', '1977-07-20T00:00:00.000Z', 'Jl. Quantity Surveyor No. 1, Karawang', 'active', 'permanent', '33000000.00', NULL, Cost Estimation,Contract Management,Value Engineering,Risk Analysis, [object Object], '2025-09-09T09:09:44.017Z', '2025-09-09T09:09:44.017Z', 'NU006');
INSERT INTO "manpower" ("id", "employee_id", "name", "position", "department", "email", "phone", "join_date", "birth_date", "address", "status", "employment_type", "salary", "current_project", "skills", "metadata", "created_at", "updated_at", "subsidiary_id") VALUES ('QS-002', 'NUSANTARA-QS-002', 'Nina Sari, S.T.', 'Quantity Surveyor', 'Cost Engineering', 'nina.sari@nusantara.co.id', '+62-811-2345-012', '2018-09-20T00:00:00.000Z', '1987-12-05T00:00:00.000Z', 'Jl. Quantity Surveyor No. 2, Karawang', 'active', 'permanent', '24000000.00', NULL, Bill of Quantities,Cost Control,Material Take-off,Contract Administration, [object Object], '2025-09-09T09:09:44.020Z', '2025-09-09T09:09:44.020Z', 'NU001');
INSERT INTO "manpower" ("id", "employee_id", "name", "position", "department", "email", "phone", "join_date", "birth_date", "address", "status", "employment_type", "salary", "current_project", "skills", "metadata", "created_at", "updated_at", "subsidiary_id") VALUES ('SO-001', 'NUSANTARA-SO-001', 'Ir. Bambang Safety, M.K3.', 'Senior Safety Officer', 'HSE', 'bambang.safety@nusantara.co.id', '+62-811-2345-013', '2011-04-10T00:00:00.000Z', '1975-10-15T00:00:00.000Z', 'Jl. Safety No. 1, Karawang', 'active', 'permanent', '29000000.00', NULL, Safety Management,Risk Assessment,Incident Investigation,Safety Training, [object Object], '2025-09-09T09:09:44.022Z', '2025-09-09T09:09:44.022Z', 'NU006');
INSERT INTO "manpower" ("id", "employee_id", "name", "position", "department", "email", "phone", "join_date", "birth_date", "address", "status", "employment_type", "salary", "current_project", "skills", "metadata", "created_at", "updated_at", "subsidiary_id") VALUES ('SO-002', 'NUSANTARA-SO-002', 'Rina Kartika, S.T., M.K3.', 'Safety Officer', 'HSE', 'rina.kartika@nusantara.co.id', '+62-811-2345-014', '2017-11-15T00:00:00.000Z', '1986-08-28T00:00:00.000Z', 'Jl. Safety No. 2, Karawang', 'active', 'permanent', '22000000.00', NULL, Safety Inspection,Emergency Response,Safety Documentation,Training Coordination, [object Object], '2025-09-09T09:09:44.027Z', '2025-09-09T09:09:44.027Z', 'NU004');
INSERT INTO "manpower" ("id", "employee_id", "name", "position", "department", "email", "phone", "join_date", "birth_date", "address", "status", "employment_type", "salary", "current_project", "skills", "metadata", "created_at", "updated_at", "subsidiary_id") VALUES ('SS-001', 'NUSANTARA-SS-001', 'Joko Priyanto, S.T.', 'Senior Site Supervisor', 'Construction', 'joko.priyanto@nusantara.co.id', '+62-811-2345-015', '2014-08-20T00:00:00.000Z', '1980-03-12T00:00:00.000Z', 'Jl. Site Supervisor No. 1, Karawang', 'active', 'permanent', '26000000.00', NULL, Site Management,Construction Supervision,Quality Control,Worker Coordination, [object Object], '2025-09-09T09:09:44.031Z', '2025-09-09T09:09:44.031Z', 'NU002');
INSERT INTO "manpower" ("id", "employee_id", "name", "position", "department", "email", "phone", "join_date", "birth_date", "address", "status", "employment_type", "salary", "current_project", "skills", "metadata", "created_at", "updated_at", "subsidiary_id") VALUES ('SS-002', 'NUSANTARA-SS-002', 'Andi Kurniawan, S.T.', 'Site Supervisor', 'Construction', 'andi.kurniawan@nusantara.co.id', '+62-811-2345-016', '2019-05-15T00:00:00.000Z', '1989-07-18T00:00:00.000Z', 'Jl. Site Supervisor No. 2, Karawang', 'active', 'permanent', '21000000.00', NULL, Industrial Construction,Equipment Coordination,Progress Monitoring,Team Leadership, [object Object], '2025-09-09T09:09:44.036Z', '2025-09-09T09:09:44.036Z', 'NU005');
INSERT INTO "manpower" ("id", "employee_id", "name", "position", "department", "email", "phone", "join_date", "birth_date", "address", "status", "employment_type", "salary", "current_project", "skills", "metadata", "created_at", "updated_at", "subsidiary_id") VALUES ('CF-001', 'NUSANTARA-CF-001', 'Susanto Wijaya', 'Senior Construction Foreman', 'Construction', 'susanto.wijaya@nusantara.co.id', '+62-811-2345-017', '2010-03-15T00:00:00.000Z', '1972-05-20T00:00:00.000Z', 'Jl. Foreman No. 1, Karawang', 'active', 'permanent', '18000000.00', NULL, Construction Execution,Worker Management,Quality Control,Schedule Coordination, [object Object], '2025-09-09T09:09:44.040Z', '2025-09-09T09:09:44.040Z', 'NU006');
INSERT INTO "manpower" ("id", "employee_id", "name", "position", "department", "email", "phone", "join_date", "birth_date", "address", "status", "employment_type", "salary", "current_project", "skills", "metadata", "created_at", "updated_at", "subsidiary_id") VALUES ('CF-002', 'NUSANTARA-CF-002', 'Budi Santoso', 'Construction Foreman', 'Construction', 'budi.santoso.cf@nusantara.co.id', '+62-811-2345-018', '2015-07-10T00:00:00.000Z', '1978-11-25T00:00:00.000Z', 'Jl. Foreman No. 2, Karawang', 'active', 'permanent', '15000000.00', NULL, Commercial Construction,Material Management,Quality Assurance,Team Coordination, [object Object], '2025-09-09T09:09:44.042Z', '2025-09-09T09:09:44.042Z', 'NU001');
INSERT INTO "manpower" ("id", "employee_id", "name", "position", "department", "email", "phone", "join_date", "birth_date", "address", "status", "employment_type", "salary", "current_project", "skills", "metadata", "created_at", "updated_at", "subsidiary_id") VALUES ('ME-001', 'NUSANTARA-ME-001', 'Ir. Dedi Hermawan, M.T.', 'Senior Mechanical Engineer', 'MEP Engineering', 'dedi.hermawan@nusantara.co.id', '+62-811-2345-019', '2013-09-15T00:00:00.000Z', '1979-04-10T00:00:00.000Z', 'Jl. Mechanical No. 1, Karawang', 'active', 'permanent', '31000000.00', NULL, HVAC Design,Mechanical Systems,Energy Efficiency,System Integration, [object Object], '2025-09-09T09:09:44.044Z', '2025-09-09T09:09:44.044Z', 'NU005');
INSERT INTO "manpower" ("id", "employee_id", "name", "position", "department", "email", "phone", "join_date", "birth_date", "address", "status", "employment_type", "salary", "current_project", "skills", "metadata", "created_at", "updated_at", "subsidiary_id") VALUES ('EE-001', 'NUSANTARA-EE-001', 'Ir. Sinta Elektriko, M.T.', 'Senior Electrical Engineer', 'MEP Engineering', 'sinta.elektriko@nusantara.co.id', '+62-811-2345-020', '2014-11-20T00:00:00.000Z', '1981-06-15T00:00:00.000Z', 'Jl. Electrical No. 1, Karawang', 'active', 'permanent', '30000000.00', NULL, Electrical Design,Power Systems,Lighting Design,Building Automation, [object Object], '2025-09-09T09:09:44.046Z', '2025-09-09T09:09:44.046Z', 'NU001');
INSERT INTO "manpower" ("id", "employee_id", "name", "position", "department", "email", "phone", "join_date", "birth_date", "address", "status", "employment_type", "salary", "current_project", "skills", "metadata", "created_at", "updated_at", "subsidiary_id") VALUES ('AD-001', 'NUSANTARA-AD-001', 'Sri Wahyuni, S.E.', 'HR Manager', 'Human Resources', 'sri.wahyuni@nusantara.co.id', '+62-811-2345-021', '2016-01-15T00:00:00.000Z', '1983-09-20T00:00:00.000Z', 'Jl. HR No. 1, Karawang', 'active', 'permanent', '25000000.00', NULL, Human Resources,Recruitment,Training & Development,Employee Relations, [object Object], '2025-09-09T09:09:44.048Z', '2025-09-09T09:09:44.048Z', 'NU006');
INSERT INTO "manpower" ("id", "employee_id", "name", "position", "department", "email", "phone", "join_date", "birth_date", "address", "status", "employment_type", "salary", "current_project", "skills", "metadata", "created_at", "updated_at", "subsidiary_id") VALUES ('IT-001', 'NUSANTARA-IT-001', 'Rizki Teknologi, S.Kom.', 'IT Manager', 'Information Technology', 'rizki.teknologi@nusantara.co.id', '+62-811-2345-022', '2018-02-10T00:00:00.000Z', '1990-12-08T00:00:00.000Z', 'Jl. IT No. 1, Karawang', 'active', 'permanent', '27000000.00', NULL, IT Management,Database Administration,Network Security,Software Development, [object Object], '2025-09-09T09:09:44.051Z', '2025-09-09T09:09:44.051Z', 'NU006');

-- Data for table: project_documents

-- Data for table: project_milestones

-- Data for table: project_rab
TRUNCATE TABLE "project_rab" CASCADE;
INSERT INTO "project_rab" ("id", "projectId", "category", "description", "unit", "quantity", "unitPrice", "totalPrice", "notes", "isApproved", "approvedBy", "approvedAt", "createdBy", "updatedBy", "createdAt", "updatedAt") VALUES ('4686fd59-d590-4ba0-aafb-97a7e98be4c4', 'PRJ-2025-010', 'material', 'besi - besi holo', 'kg', '1000.00', '15000.00', '15000000.00', 'Besi baru', true, 'current_user', '2025-09-09T12:38:41.546Z', 'current_user', NULL, '2025-09-09T12:38:32.546Z', '2025-09-09T12:38:41.546Z');
INSERT INTO "project_rab" ("id", "projectId", "category", "description", "unit", "quantity", "unitPrice", "totalPrice", "notes", "isApproved", "approvedBy", "approvedAt", "createdBy", "updatedBy", "createdAt", "updatedAt") VALUES ('5ae87dae-25c0-4f37-b2b9-e0cf86cf039c', 'PRJ-2025-001', 'Material', 'Semen Portland Type I untuk struktur bangunan', 'Ton', '150.00', '1500000.00', '225000000.00', 'Material berkualitas tinggi sesuai SNI', false, NULL, NULL, 'USR-DIR-CUE14-002', NULL, '2025-09-09T12:40:50.899Z', '2025-09-09T12:40:50.899Z');
INSERT INTO "project_rab" ("id", "projectId", "category", "description", "unit", "quantity", "unitPrice", "totalPrice", "notes", "isApproved", "approvedBy", "approvedAt", "createdBy", "updatedBy", "createdAt", "updatedAt") VALUES ('427781a3-e8b8-40e3-860b-227387381fab', 'PRJ-2025-001', 'Equipment', 'Excavator Komatsu PC200-8 untuk galian pondasi', 'Unit', '2.00', '2500000000.00', '5000000000.00', 'Excavator heavy duty untuk galian pondasi dalam', false, NULL, NULL, NULL, NULL, '2025-09-09T12:54:58.998Z', '2025-09-09T12:54:58.998Z');
INSERT INTO "project_rab" ("id", "projectId", "category", "description", "unit", "quantity", "unitPrice", "totalPrice", "notes", "isApproved", "approvedBy", "approvedAt", "createdBy", "updatedBy", "createdAt", "updatedAt") VALUES ('c17b433a-136f-4617-9029-838d07c1783b', 'PRJ-2025-001', 'Infrastructure', 'Jembatan Beton Prestressed 500 meter untuk akses utama', 'Unit', '1.00', '15000000000.00', '15000000000.00', 'Jembatan utama dengan teknologi prestressed concrete', false, NULL, NULL, NULL, NULL, '2025-09-09T12:56:10.798Z', '2025-09-09T12:56:10.798Z');
INSERT INTO "project_rab" ("id", "projectId", "category", "description", "unit", "quantity", "unitPrice", "totalPrice", "notes", "isApproved", "approvedBy", "approvedAt", "createdBy", "updatedBy", "createdAt", "updatedAt") VALUES ('42e6e9d7-d15c-4687-aba8-5010b3f11028', 'PRJ-2025-001', 'Material', 'Besi Beton Ulir D32 untuk struktur utama', 'Kg', '5000.00', '25000.00', '125000000.00', 'Besi beton high grade untuk struktur utama', false, NULL, NULL, NULL, NULL, '2025-09-09T12:56:49.254Z', '2025-09-09T12:56:49.254Z');
INSERT INTO "project_rab" ("id", "projectId", "category", "description", "unit", "quantity", "unitPrice", "totalPrice", "notes", "isApproved", "approvedBy", "approvedAt", "createdBy", "updatedBy", "createdAt", "updatedAt") VALUES ('36ed164b-786c-4781-be69-016daaf3c339', 'PRJ-2025-006', 'material', 'batu - batu', 'kg', '1000.00', '9998.00', '9998000.00', '', false, NULL, NULL, 'current_user', NULL, '2025-09-09T14:07:58.840Z', '2025-09-09T14:07:58.840Z');
INSERT INTO "project_rab" ("id", "projectId", "category", "description", "unit", "quantity", "unitPrice", "totalPrice", "notes", "isApproved", "approvedBy", "approvedAt", "createdBy", "updatedBy", "createdAt", "updatedAt") VALUES ('5aa8f8a4-c979-4317-b31f-048a3ae60692', '2025XXX001', 'material', 'Semen Portland 50kg', 'sak', '100.00', '75000.00', '7500000.00', NULL, false, NULL, NULL, NULL, NULL, '2025-09-09T14:10:54.968Z', '2025-09-09T14:10:54.968Z');

-- Data for table: project_team_members

-- Data for table: projects
TRUNCATE TABLE "projects" CASCADE;
INSERT INTO "projects" ("id", "name", "description", "client_name", "client_contact", "location", "budget", "actual_cost", "status", "priority", "progress", "start_date", "end_date", "estimated_duration", "project_manager_id", "subsidiary_id", "created_by", "updated_by", "subsidiary_info", "team", "milestones", "documents", "notes", "tags", "createdAt", "updatedAt") VALUES ('PRJ-2025-001', 'Karawang Industrial Complex Phase 2', 'Pembangunan kompleks industri modern seluas 15 hektar dengan fasilitas pabrik, gudang, dan kantor administrasi. Proyek ini merupakan ekspansi dari fase pertama dan akan menampung 5 perusahaan manufaktur multinasional.', 'PT. Karawang Industrial Estate', [object Object], [object Object], '85000000000.00', '0.00', 'planning', 'high', 0, '2025-10-01T00:00:00.000Z', '2026-08-30T00:00:00.000Z', 334, 'USR-PM-003', 'NU005', NULL, NULL, [object Object], [object Object],[object Object],[object Object],[object Object],[object Object],[object Object], [object Object],[object Object],[object Object],[object Object], [object Object],[object Object], 'Proyek strategis untuk ekspansi kawasan industri Karawang. Klien multinasional dengan standar kualitas tinggi.', industrial,swasta,karawang,manufaktur,multinasional, '2025-09-09T09:35:27.656Z', '2025-09-09T09:35:27.656Z');
INSERT INTO "projects" ("id", "name", "description", "client_name", "client_contact", "location", "budget", "actual_cost", "status", "priority", "progress", "start_date", "end_date", "estimated_duration", "project_manager_id", "subsidiary_id", "created_by", "updated_by", "subsidiary_info", "team", "milestones", "documents", "notes", "tags", "createdAt", "updatedAt") VALUES ('PRJ-2025-002', 'Karawang Central Mall Renovation', 'Renovasi dan modernisasi mall eksisting dengan luas 45.000 m², termasuk upgrade system MEP, redesign interior, dan penambahan food court modern serta entertainment center.', 'PT. Karawang Central Property', [object Object], [object Object], '28000000000.00', '0.00', 'planning', 'medium', 0, '2025-11-01T00:00:00.000Z', '2026-05-30T00:00:00.000Z', 210, 'USR-DIR-LTN-003', 'NU003', NULL, NULL, [object Object], [object Object],[object Object],[object Object],[object Object], [object Object],[object Object],[object Object], [object Object],[object Object], 'Renovasi mall dengan tetap beroperasi. Perlu koordinasi ketat untuk meminimalisir gangguan operasional.', renovation,swasta,karawang,retail,interior, '2025-09-09T09:35:27.662Z', '2025-09-09T09:35:27.662Z');
INSERT INTO "projects" ("id", "name", "description", "client_name", "client_contact", "location", "budget", "actual_cost", "status", "priority", "progress", "start_date", "end_date", "estimated_duration", "project_manager_id", "subsidiary_id", "created_by", "updated_by", "subsidiary_info", "team", "milestones", "documents", "notes", "tags", "createdAt", "updatedAt") VALUES ('PRJ-2025-003', 'Karawang Hills Residence', 'Pembangunan perumahan mewah 150 unit dengan konsep modern minimalis, dilengkapi fasilitas clubhouse, swimming pool, playground, dan jogging track. Target pasar keluarga menengah atas.', 'PT. Karawang Hills Developer', [object Object], [object Object], '42000000000.00', '0.00', 'planning', 'medium', 0, '2025-09-15T00:00:00.000Z', '2026-12-31T00:00:00.000Z', 473, 'USR-DIR-BSR-002', 'NU002', NULL, NULL, [object Object], [object Object],[object Object],[object Object],[object Object], [object Object],[object Object],[object Object], [object Object],[object Object], 'Proyek perumahan premium dengan target market menengah atas. Focus pada kualitas dan desain modern.', residential,swasta,karawang,perumahan,premium, '2025-09-09T09:35:27.665Z', '2025-09-09T09:35:27.665Z');
INSERT INTO "projects" ("id", "name", "description", "client_name", "client_contact", "location", "budget", "actual_cost", "status", "priority", "progress", "start_date", "end_date", "estimated_duration", "project_manager_id", "subsidiary_id", "created_by", "updated_by", "subsidiary_info", "team", "milestones", "documents", "notes", "tags", "createdAt", "updatedAt") VALUES ('PRJ-2025-004', 'Karawang Business District Tower', 'Pembangunan menara perkantoran 25 lantai dengan konsep green building, dilengkapi retail di lantai dasar, parking basement 3 lantai, dan sky lobby. Sertifikasi LEED Gold target.', 'PT. Metropolitan Karawang Property', [object Object], [object Object], '125000000000.00', '0.00', 'planning', 'high', 0, '2025-12-01T00:00:00.000Z', '2027-11-30T00:00:00.000Z', 730, 'USR-PM-002', 'NU001', NULL, NULL, [object Object], [object Object],[object Object],[object Object],[object Object], [object Object],[object Object],[object Object],[object Object], [object Object],[object Object], 'Proyek landmark Karawang dengan target sertifikasi LEED Gold. Kompleksitas tinggi dengan standar internasional.', commercial,swasta,karawang,high-rise,green-building, '2025-09-09T09:35:27.669Z', '2025-09-09T09:35:27.669Z');
INSERT INTO "projects" ("id", "name", "description", "client_name", "client_contact", "location", "budget", "actual_cost", "status", "priority", "progress", "start_date", "end_date", "estimated_duration", "project_manager_id", "subsidiary_id", "created_by", "updated_by", "subsidiary_info", "team", "milestones", "documents", "notes", "tags", "createdAt", "updatedAt") VALUES ('PRJ-2025-005', 'Karawang Automotive Parts Factory', 'Pembangunan pabrik suku cadang otomotif modern dengan kapasitas produksi 50.000 unit/bulan, dilengkapi clean room, quality control lab, dan automated warehouse system.', 'PT. Nippon Auto Parts Indonesia', [object Object], [object Object], '68000000000.00', '0.00', 'planning', 'high', 0, '2025-10-15T00:00:00.000Z', '2026-10-14T00:00:00.000Z', 365, 'USR-PM-003', 'NU005', NULL, NULL, [object Object], [object Object],[object Object],[object Object],[object Object], [object Object],[object Object],[object Object],[object Object], [object Object],[object Object], 'Proyek dengan standar Jepang yang sangat ketat. Memerlukan expertise khusus untuk automotive manufacturing.', industrial,swasta,karawang,automotive,manufacturing, '2025-09-09T09:35:27.673Z', '2025-09-09T09:35:27.673Z');
INSERT INTO "projects" ("id", "name", "description", "client_name", "client_contact", "location", "budget", "actual_cost", "status", "priority", "progress", "start_date", "end_date", "estimated_duration", "project_manager_id", "subsidiary_id", "created_by", "updated_by", "subsidiary_info", "team", "milestones", "documents", "notes", "tags", "createdAt", "updatedAt") VALUES ('PRJ-2025-006', 'Karawang Medical Center Hospital', 'Pembangunan rumah sakit umum 150 bed dengan fasilitas lengkap: IGD, ICU, kamar operasi, laboratorium, radiologi, dan helipad. Mengikuti standar akreditasi internasional JCI.', 'PT. Medika Karawang Sejahtera', [object Object], [object Object], '95000000000.00', '0.00', 'planning', 'high', 0, '2025-11-15T00:00:00.000Z', '2027-05-14T00:00:00.000Z', 545, 'USR-AD-001', 'NU006', NULL, NULL, [object Object], [object Object],[object Object],[object Object],[object Object], [object Object],[object Object],[object Object],[object Object], [object Object],[object Object], 'Proyek rumah sakit dengan standar JCI. Memerlukan expertise khusus dalam healthcare construction.', healthcare,swasta,karawang,hospital,JCI-standard, '2025-09-09T09:35:27.676Z', '2025-09-09T09:35:27.676Z');
INSERT INTO "projects" ("id", "name", "description", "client_name", "client_contact", "location", "budget", "actual_cost", "status", "priority", "progress", "start_date", "end_date", "estimated_duration", "project_manager_id", "subsidiary_id", "created_by", "updated_by", "subsidiary_info", "team", "milestones", "documents", "notes", "tags", "createdAt", "updatedAt") VALUES ('PRJ-2025-007', 'Karawang International School Campus', 'Pembangunan kampus sekolah internasional dengan kurikulum Cambridge untuk kapasitas 1.200 siswa, dilengkapi laboratorium sains, perpustakaan digital, gymnasium, dan boarding facilities.', 'Yayasan Pendidikan Karawang Global', [object Object], [object Object], '58000000000.00', '0.00', 'planning', 'medium', 0, '2025-09-01T00:00:00.000Z', '2026-12-15T00:00:00.000Z', 471, 'USR-PM-002', 'NU001', NULL, NULL, [object Object], [object Object],[object Object],[object Object],[object Object],[object Object], [object Object],[object Object],[object Object], [object Object],[object Object], 'Proyek pendidikan internasional dengan standar Cambridge. Focus pada fasilitas pembelajaran modern.', education,swasta,karawang,international,cambridge, '2025-09-09T09:35:27.679Z', '2025-09-09T09:35:27.679Z');
INSERT INTO "projects" ("id", "name", "description", "client_name", "client_contact", "location", "budget", "actual_cost", "status", "priority", "progress", "start_date", "end_date", "estimated_duration", "project_manager_id", "subsidiary_id", "created_by", "updated_by", "subsidiary_info", "team", "milestones", "documents", "notes", "tags", "createdAt", "updatedAt") VALUES ('PRJ-2025-008', 'Karawang Logistics Hub Center', 'Pembangunan pusat logistik modern dengan automated warehouse seluas 25.000 m², loading dock 50 unit, cold storage, dan truck terminal. Mendukung e-commerce dan distribusi regional.', 'PT. Express Logistics Indonesia', [object Object], [object Object], '38000000000.00', '0.00', 'planning', 'medium', 0, '2025-10-01T00:00:00.000Z', '2026-06-30T00:00:00.000Z', 273, 'USR-PM-003', 'NU005', NULL, NULL, [object Object], [object Object],[object Object],[object Object],[object Object], [object Object],[object Object],[object Object], [object Object],[object Object], 'Proyek logistics modern dengan fokus pada automation dan efficiency. Strategic location dekat tol.', logistics,swasta,karawang,warehouse,automation, '2025-09-09T09:35:27.682Z', '2025-09-09T09:35:27.682Z');
INSERT INTO "projects" ("id", "name", "description", "client_name", "client_contact", "location", "budget", "actual_cost", "status", "priority", "progress", "start_date", "end_date", "estimated_duration", "project_manager_id", "subsidiary_id", "created_by", "updated_by", "subsidiary_info", "team", "milestones", "documents", "notes", "tags", "createdAt", "updatedAt") VALUES ('PRJ-2025-009', 'Jembatan Karawang - Bekasi Infrastructure', 'Pembangunan jembatan penghubung Karawang-Bekasi sepanjang 1.2 km dengan 4 lajur, dilengkapi pedestrian way dan bicycle lane. Proyek strategis untuk mengurangi kemacetan akses Jakarta.', 'Dinas Pekerjaan Umum Provinsi Jawa Barat', [object Object], [object Object], '150000000000.00', '0.00', 'planning', 'urgent', 0, '2025-08-01T00:00:00.000Z', '2027-02-28T00:00:00.000Z', 577, 'USR-PM-003', 'NU004', NULL, NULL, [object Object], [object Object],[object Object],[object Object],[object Object],[object Object],[object Object], [object Object],[object Object],[object Object],[object Object], [object Object],[object Object], 'Proyek infrastruktur strategis provinsi. Proses tender dan perizinan kompleks sesuai regulasi pemerintah.', infrastructure,pemerintah,karawang,jembatan,strategis, '2025-09-09T09:35:27.685Z', '2025-09-09T09:35:27.685Z');
INSERT INTO "projects" ("id", "name", "description", "client_name", "client_contact", "location", "budget", "actual_cost", "status", "priority", "progress", "start_date", "end_date", "estimated_duration", "project_manager_id", "subsidiary_id", "created_by", "updated_by", "subsidiary_info", "team", "milestones", "documents", "notes", "tags", "createdAt", "updatedAt") VALUES ('PRJ-2025-010', 'Karawang Regional Hospital Expansion', 'Ekspansi RSUD Karawang dengan penambahan 100 bed, new emergency wing, modern laboratory, dan parking structure. Meningkatkan kapasitas pelayanan kesehatan masyarakat.', 'Pemerintah Kabupaten Karawang', [object Object], [object Object], '85000000000.00', '0.00', 'planning', 'high', 0, '2025-07-01T00:00:00.000Z', '2026-12-31T00:00:00.000Z', 549, 'USR-AD-001', 'NU006', NULL, NULL, [object Object], [object Object],[object Object],[object Object],[object Object],[object Object],[object Object], [object Object],[object Object],[object Object],[object Object], [object Object],[object Object], 'Proyek ekspansi rumah sakit daerah dengan dana APBD. Proses birokrasi pemerintah dan standar pelayanan publik.', healthcare,pemerintah,karawang,RSUD,ekspansi, '2025-09-09T09:35:27.689Z', '2025-09-09T09:35:27.689Z');
INSERT INTO "projects" ("id", "name", "description", "client_name", "client_contact", "location", "budget", "actual_cost", "status", "priority", "progress", "start_date", "end_date", "estimated_duration", "project_manager_id", "subsidiary_id", "created_by", "updated_by", "subsidiary_info", "team", "milestones", "documents", "notes", "tags", "createdAt", "updatedAt") VALUES ('2025XXX001', 'Proyek Test Approval', 'Proyek untuk testing sistem approval', 'PT Test Company', [object Object], [object Object], '1000000000.00', '0.00', 'planning', 'medium', 0, '2025-09-09T00:00:00.000Z', '2025-12-31T00:00:00.000Z', NULL, NULL, NULL, 'USR-DIR-CUE14-002', 'USR-DIR-CUE14-002', NULL, , , , NULL, , '2025-09-09T14:10:40.383Z', '2025-09-09T14:10:40.383Z');

-- Data for table: purchase_orders
TRUNCATE TABLE "purchase_orders" CASCADE;
INSERT INTO "purchase_orders" ("id", "po_number", "supplier_id", "supplier_name", "order_date", "expected_delivery_date", "status", "items", "subtotal", "tax_amount", "total_amount", "notes", "delivery_address", "terms", "project_id", "created_by", "approved_by", "approved_at", "createdAt", "updatedAt") VALUES ('PO-PRJ-2025-010-1757707454985', 'PO-PRJ-2025-010-1757707454985', 'SUPPLIER-1757707454985', 'Jhon', '2025-09-12T20:04:14.985Z', '2025-09-30T00:00:00.000Z', 'draft', [object Object], '1500000.00', '0.00', '1500000.00', 'Partial purchase - beberapa item memiliki sisa quantity yang dapat dipesan kemudian', 'Karawang', '', 'PRJ-2025-010', NULL, NULL, NULL, '2025-09-12T20:04:15.285Z', '2025-09-12T20:53:26.075Z');
INSERT INTO "purchase_orders" ("id", "po_number", "supplier_id", "supplier_name", "order_date", "expected_delivery_date", "status", "items", "subtotal", "tax_amount", "total_amount", "notes", "delivery_address", "terms", "project_id", "created_by", "approved_by", "approved_at", "createdAt", "updatedAt") VALUES ('PO-2025XXX001-1757707048284', 'PO-2025XXX001-1757707048284', 'SUPPLIER-1757707048284', 'xxx', '2025-09-12T19:57:28.284Z', '2025-09-14T00:00:00.000Z', 'draft', [object Object], '1875000.00', '0.00', '1875000.00', 'Partial purchase - beberapa item memiliki sisa quantity yang dapat dipesan kemudian', 'xxx', '', '2025XXX001', NULL, NULL, NULL, '2025-09-12T19:57:28.667Z', '2025-09-12T20:53:26.109Z');

-- Data for table: rab_purchase_tracking
TRUNCATE TABLE "rab_purchase_tracking" CASCADE;
INSERT INTO "rab_purchase_tracking" ("id", "projectId", "rabItemId", "poNumber", "quantity", "unitPrice", "totalAmount", "purchaseDate", "status", "notes", "createdAt", "updatedAt") VALUES (1, '2025XXX001', 5, 'PENDING', '25.00', '75000.00', '1875000.00', '2025-09-12T19:57:28.587Z', 'pending', NULL, '2025-09-12T19:57:28.759Z', '2025-09-12T19:57:28.759Z');
INSERT INTO "rab_purchase_tracking" ("id", "projectId", "rabItemId", "poNumber", "quantity", "unitPrice", "totalAmount", "purchaseDate", "status", "notes", "createdAt", "updatedAt") VALUES (2, 'PRJ-2025-010', 4686, 'PENDING', '100.00', '15000.00', '1500000.00', '2025-09-12T20:04:15.178Z', 'pending', NULL, '2025-09-12T20:04:15.367Z', '2025-09-12T20:04:15.367Z');

-- Data for table: sequelize_meta

-- Data for table: subsidiaries
TRUNCATE TABLE "subsidiaries" CASCADE;
INSERT INTO "subsidiaries" ("id", "name", "code", "description", "specialization", "contact_info", "address", "established_year", "employee_count", "certification", "status", "parent_company", "board_of_directors", "legal_info", "permits", "financial_info", "attachments", "profile_info", "createdAt", "updatedAt", "deletedAt") VALUES ('NU001', 'CV. CAHAYA UTAMA EMPATBELAS', 'CUE14', 'Spesialis pembangunan komersial dan perkantoran modern', 'commercial', [object Object], [object Object], 2010, 45, ISO 9001:2015,SBU Grade 6, 'active', 'NUSANTARA GROUP', , [object Object], , [object Object], , [object Object], '2025-09-09T05:58:28.004Z', '2025-09-09T05:58:28.004Z', NULL);
INSERT INTO "subsidiaries" ("id", "name", "code", "description", "specialization", "contact_info", "address", "established_year", "employee_count", "certification", "status", "parent_company", "board_of_directors", "legal_info", "permits", "financial_info", "attachments", "profile_info", "createdAt", "updatedAt", "deletedAt") VALUES ('NU002', 'CV. BINTANG SURAYA', 'BSR', 'Ahli konstruksi perumahan dan komplek residensial', 'residential', [object Object], [object Object], 2012, 38, ISO 9001:2015,SBU Grade 5, 'active', 'NUSANTARA GROUP', , [object Object], , [object Object], , [object Object], '2025-09-09T05:58:28.016Z', '2025-09-09T05:58:28.016Z', NULL);
INSERT INTO "subsidiaries" ("id", "name", "code", "description", "specialization", "contact_info", "address", "established_year", "employee_count", "certification", "status", "parent_company", "board_of_directors", "legal_info", "permits", "financial_info", "attachments", "profile_info", "createdAt", "updatedAt", "deletedAt") VALUES ('NU003', 'CV. LATANSA', 'LTS', 'Kontraktor infrastruktur jalan, jembatan, dan fasilitas umum', 'infrastructure', [object Object], [object Object], 2008, 52, ISO 9001:2015,SBU Grade 7,CSMS Certificate, 'active', 'NUSANTARA GROUP', , [object Object], , [object Object], , [object Object], '2025-09-09T05:58:28.019Z', '2025-09-09T05:58:28.019Z', NULL);
INSERT INTO "subsidiaries" ("id", "name", "code", "description", "specialization", "contact_info", "address", "established_year", "employee_count", "certification", "status", "parent_company", "board_of_directors", "legal_info", "permits", "financial_info", "attachments", "profile_info", "createdAt", "updatedAt", "deletedAt") VALUES ('NU004', 'CV. GRAHA BANGUN NUSANTARA', 'GBN', 'Spesialis pembangunan gedung bertingkat dan mall', 'commercial', [object Object], [object Object], 2015, 42, ISO 9001:2015,SBU Grade 6,Green Building Council, 'active', 'NUSANTARA GROUP', , [object Object], , [object Object], , [object Object], '2025-09-09T05:58:28.022Z', '2025-09-09T05:58:28.022Z', NULL);
INSERT INTO "subsidiaries" ("id", "name", "code", "description", "specialization", "contact_info", "address", "established_year", "employee_count", "certification", "status", "parent_company", "board_of_directors", "legal_info", "permits", "financial_info", "attachments", "profile_info", "createdAt", "updatedAt", "deletedAt") VALUES ('NU005', 'CV. SAHABAT SINAR RAYA', 'SSR', 'Ahli renovasi, retrofit, dan pemeliharaan bangunan', 'renovation', [object Object], [object Object], 2018, 35, ISO 9001:2015,SBU Grade 5, 'active', 'NUSANTARA GROUP', , [object Object], , [object Object], , [object Object], '2025-09-09T05:58:28.024Z', '2025-09-09T05:58:28.024Z', NULL);
INSERT INTO "subsidiaries" ("id", "name", "code", "description", "specialization", "contact_info", "address", "established_year", "employee_count", "certification", "status", "parent_company", "board_of_directors", "legal_info", "permits", "financial_info", "attachments", "profile_info", "createdAt", "updatedAt", "deletedAt") VALUES ('NU006', 'PT. PUTRA JAYA KONSTRUKASI', 'PJK', 'Kontraktor industri, pabrik, dan fasilitas khusus', 'industrial', [object Object], [object Object], 2005, 68, ISO 9001:2015,SBU Grade 8,OHSAS 18001,ISO 14001, 'active', 'NUSANTARA GROUP', , [object Object], , [object Object], , [object Object], '2025-09-09T05:58:28.027Z', '2025-09-09T05:58:28.027Z', NULL);

-- Data for table: tax_records

-- Data for table: users
TRUNCATE TABLE "users" CASCADE;
INSERT INTO "users" ("id", "username", "email", "password", "role", "profile", "permissions", "isActive", "lastLogin", "loginAttempts", "lockUntil", "createdAt", "updatedAt") VALUES ('USR-DIR-BSR-002', 'mayasariseakmm', 'maya.sari@nusantara-group.co.id', '$2b$10$defaultpasswordhash', 'admin', [object Object], , true, NULL, 0, NULL, '2025-09-09T09:35:27.619Z', '2025-09-09T09:35:27.619Z');
INSERT INTO "users" ("id", "username", "email", "password", "role", "profile", "permissions", "isActive", "lastLogin", "loginAttempts", "lockUntil", "createdAt", "updatedAt") VALUES ('USR-DIR-LTN-001', 'lisatanasyassnmdes', 'lisa.tanasya@nusantara-group.co.id', '$2b$10$defaultpasswordhash', 'admin', [object Object], , true, NULL, 0, NULL, '2025-09-09T09:35:27.623Z', '2025-09-09T09:35:27.623Z');
INSERT INTO "users" ("id", "username", "email", "password", "role", "profile", "permissions", "isActive", "lastLogin", "loginAttempts", "lockUntil", "createdAt", "updatedAt") VALUES ('USR-DIR-LTN-003', 'sintadewisemm', 'sinta.dewi@nusantara-group.co.id', '$2b$10$defaultpasswordhash', 'admin', [object Object], , true, NULL, 0, NULL, '2025-09-09T09:35:27.629Z', '2025-09-09T09:35:27.629Z');
INSERT INTO "users" ("id", "username", "email", "password", "role", "profile", "permissions", "isActive", "lastLogin", "loginAttempts", "lockUntil", "createdAt", "updatedAt") VALUES ('USR-PM-003', 'budihartonost', 'budi.hartono@nusantara-group.co.id', '$2b$10$defaultpasswordhash', 'project_manager', [object Object], , true, NULL, 0, NULL, '2025-09-09T09:35:27.639Z', '2025-09-09T09:35:27.639Z');
INSERT INTO "users" ("id", "username", "email", "password", "role", "profile", "permissions", "isActive", "lastLogin", "loginAttempts", "lockUntil", "createdAt", "updatedAt") VALUES ('USR-AD-001', 'sriwahyunise', 'sri.wahyuni@nusantara-group.co.id', '$2b$10$defaultpasswordhash', 'hr_manager', [object Object], , true, NULL, 0, NULL, '2025-09-09T09:35:27.641Z', '2025-09-09T09:35:27.641Z');
INSERT INTO "users" ("id", "username", "email", "password", "role", "profile", "permissions", "isActive", "lastLogin", "loginAttempts", "lockUntil", "createdAt", "updatedAt") VALUES ('USR-IT-001', 'rizkiteknologiskom', 'rizki.teknologi@nusantara-group.co.id', '$2b$10$defaultpasswordhash', 'supervisor', [object Object], , true, NULL, 0, NULL, '2025-09-09T09:35:27.644Z', '2025-09-09T09:35:27.644Z');
INSERT INTO "users" ("id", "username", "email", "password", "role", "profile", "permissions", "isActive", "lastLogin", "loginAttempts", "lockUntil", "createdAt", "updatedAt") VALUES ('USR-PM-002', 'sariindrawatistmm', 'sari.indrawati@nusantara-group.co.id', '$2b$10$defaultpasswordhash', 'project_manager', [object Object], , true, NULL, 3, NULL, '2025-09-09T09:35:27.636Z', '2025-09-09T16:04:37.343Z');
INSERT INTO "users" ("id", "username", "email", "password", "role", "profile", "permissions", "isActive", "lastLogin", "loginAttempts", "lockUntil", "createdAt", "updatedAt") VALUES ('USR-DIR-CUE14-002', 'sariwulandarisemm', 'sari.wulandari@nusantara-group.co.id', '$2a$10$w/v/UDtTN3cQnAFTkkem.erxXswwF4FyEwL20vsZk2u2zRxErehgC', 'admin', [object Object], , true, '2025-09-12T22:14:55.120Z', 0, NULL, '2025-09-09T09:35:27.597Z', '2025-09-12T22:14:55.121Z');

